City_ID,City,Country,Date,Lat,Lng,Max Temp,Humidity,Cloudiness,Wind Speed
0,Mar Del Plata,AR,2/10/2022 15:43,-38,-57.56,53.6,62,75,13.87
1,Cape Town,ZA,2/10/2022 15:47,-33.93,18.42,64,51,75,12.75
2,Mendi,PG,2/10/2022 15:47,-6.18,143.65,52.79,99,92,2.71
3,Port Alfred,ZA,2/10/2022 15:47,-33.59,26.89,65.21,84,100,22.01
4,Punta Arenas,CL,2/10/2022 15:47,-53.15,-70.92,51.8,50,20,38.03
5,Kieta,PG,2/10/2022 15:47,-6.22,155.63,79.74,77,100,2.48
6,Mercedes,AR,2/10/2022 15:47,-34.65,-59.43,63,53,2,5.01
7,Caravelas,BR,2/10/2022 15:47,-17.71,-39.25,84.13,64,85,13.98
8,East London,ZA,2/10/2022 15:47,-33.02,27.91,68,94,75,8.05
9,Taoudenni,ML,2/10/2022 15:47,22.68,-3.98,96.17,10,0,12.37
10,Busselton,AU,2/10/2022 15:44,-33.65,115.33,64,35,0,14.32
11,Tuktoyaktuk,CA,2/10/2022 15:47,69.45,-133.04,12.2,85,75,5.82
12,Bluff,NZ,2/10/2022 15:47,-46.6,168.33,52,92,79,4
13,Finschhafen,PG,2/10/2022 15:47,-6.6,147.87,79.81,76,34,2.77
14,Hermanus,ZA,2/10/2022 15:47,-34.42,19.23,57,67,81,8.99
15,Rikitea,PF,2/10/2022 15:47,-23.12,-134.97,74.43,71,100,8.7
16,Camacha,PT,2/10/2022 15:47,33.08,-16.33,71.6,68,40,12.75
17,Saint-Philippe,RE,2/10/2022 15:42,-21.36,55.77,71.6,68,75,16.11
18,Albany,US,2/10/2022 15:44,42.6,-73.97,46,90,100,1.57
19,Gharghoda,IN,2/10/2022 15:47,22.17,83.35,69.42,53,0,3.87
20,Hofn,IS,2/10/2022 15:47,64.25,-15.21,46.4,87,90,26.4
21,Georgetown,MY,2/10/2022 15:42,5.41,100.34,80.6,88,20,5.01
22,Sitka,US,2/10/2022 15:47,57.05,-135.33,41,86,90,6.93
23,Mataura,NZ,2/10/2022 15:47,-46.19,168.86,52,92,75,4
24,Bambanglipuro,ID,2/10/2022 15:47,-7.95,110.28,78.48,87,66,3.22
25,Ushuaia,AR,2/10/2022 15:47,-54.8,-68.3,46.4,81,75,29.97
26,Yeppoon,AU,2/10/2022 15:45,-23.13,150.73,64.4,77,75,3.85
27,Lambare,PY,2/10/2022 15:47,-25.35,-57.61,75.2,57,75,23.04
28,Saint George,US,2/10/2022 15:45,37.1,-113.58,46.4,28,1,4.7
29,Poum,NC,2/10/2022 15:47,-20.23,164.02,75.67,76,15,16.71
30,Muravlenko,RU,2/10/2022 15:47,63.79,74.52,13.78,97,92,9.24
31,Ribeira Grande,PT,2/10/2022 15:47,38.52,-28.7,64.4,93,75,11.41
32,Longyearbyen,SJ,2/10/2022 15:47,78.22,15.64,21.2,57,75,18.34
33,Byron Bay,AU,2/10/2022 15:47,-28.65,153.62,59,93,5,5.82
34,Kosa,RU,2/10/2022 15:47,59.94,55,34.7,95,100,7.49
35,Sao Joao Da Barra,BR,2/10/2022 15:47,-21.64,-41.05,91.4,52,0,15.64
36,Hvolsvollur,IS,2/10/2022 15:47,63.75,-20.22,44.6,93,40,19.46
37,Praya,CV,2/10/2022 15:44,14.92,-23.51,89.6,55,0,17.22
38,Qaanaaq,GL,2/10/2022 15:47,77.48,-69.36,5.81,74,0,4.97
39,Kovur,IN,2/10/2022 15:47,14.48,79.98,75.96,71,100,2.91
40,Mehamn,NO,2/10/2022 15:47,71.04,27.85,37.4,85,75,24.16
41,Torbay,CA,2/10/2022 15:47,47.67,-52.73,42.01,69,75,11.41
42,Bonfim,BR,2/10/2022 15:47,3.08,-59.95,87.8,70,40,13.87
43,Barrow,US,2/10/2022 15:47,71.29,-156.79,10.4,85,90,12.75
44,Comodoro Rivadavia,AR,2/10/2022 15:43,-45.87,-67.5,62.6,45,0,4.7
45,Manay,PH,2/10/2022 15:47,7.21,126.54,78.89,78,100,5.97
46,Vardo,NO,2/10/2022 15:47,70.37,31.11,37.4,86,75,31.09
47,Gradignan,FR,2/10/2022 15:47,44.77,-0.61,66.99,63,20,6.93
48,Pevek,RU,2/10/2022 15:47,69.7,170.31,18.54,93,99,9.22
49,Copiapo,CL,2/10/2022 15:47,-27.37,-70.33,57.2,76,90,10.29
50,Gambela,ET,2/10/2022 15:47,8.25,34.58,79.18,70,50,3.2
51,Kaitangata,NZ,2/10/2022 15:47,-46.28,169.85,52,92,58,3
52,Dikson,RU,2/10/2022 15:47,73.51,80.55,3.56,89,66,20.74
53,Anage,BR,2/10/2022 15:47,-14.61,-41.14,85.23,60,78,8.99
54,Port-Gentil,GA,2/10/2022 15:47,-0.72,8.78,84.2,74,20,10.29
55,Hithadhoo,MV,2/10/2022 15:47,-0.6,73.08,83.68,75,1,12.12
56,Jamestown,US,2/10/2022 15:47,42.1,-79.24,44.01,87,90,3.36
57,Puerto Ayora,EC,2/10/2022 15:44,-0.74,-90.35,77,73,75,10.29
58,Lebu,CL,2/10/2022 15:47,-37.62,-73.65,53.28,65,0,23.49
59,Sao Filipe,CV,2/10/2022 15:47,14.9,-24.5,83.34,61,0,6.2
60,Ploemeur,FR,2/10/2022 15:47,47.73,-3.43,61,82,90,19.46
61,Santa Cruz,BO,2/10/2022 15:45,-17.8,-63.17,82.4,48,75,27.51
62,San Patricio,US,2/10/2022 15:47,28.02,-97.52,64.99,48,20,26.4
63,Cap Malheureux,MU,2/10/2022 15:47,-19.98,57.61,71.01,70,15,7
64,Bambous Virieux,MU,2/10/2022 15:47,-20.34,57.76,71.01,70,50,7
65,Porto Novo,BJ,2/10/2022 15:47,6.5,2.6,86,74,20,13.87
66,Half Moon Bay,US,2/10/2022 15:47,37.46,-122.43,53.6,93,90,3.11
67,Arraial Do Cabo,BR,2/10/2022 15:46,-22.97,-42.03,84.2,78,0,12.75
68,Cherskiy,RU,2/10/2022 15:47,68.75,161.3,6.85,91,100,3.85
69,Kapaa,US,2/10/2022 15:47,22.08,-159.32,66.2,93,1,5.82
70,Atasu,KZ,2/10/2022 15:47,48.68,71.64,33.66,78,22,10.49
71,Kavaratti,IN,2/10/2022 15:47,10.57,72.64,82.98,74,85,8.59
72,Cidreira,BR,2/10/2022 15:47,-30.18,-50.21,64.78,70,100,12.03
73,Kissidougou,GN,2/10/2022 15:47,9.18,-10.1,85.77,50,77,5.28
74,La Macarena,CO,2/10/2022 15:47,2.18,-73.78,90.05,51,90,7.76
75,Kungurtug,RU,2/10/2022 15:47,50.6,97.52,28.69,92,100,2.91
76,Gidole,ET,2/10/2022 15:47,5.65,37.37,62.17,83,57,4.09
77,Turukhansk,RU,2/10/2022 15:47,65.82,87.98,15.73,94,99,14.76
78,Kindu,CD,2/10/2022 15:47,-2.95,25.95,74.16,90,100,1.5
79,Port Hardy,CA,2/10/2022 15:43,50.7,-127.42,51.8,100,90,5.82
80,Pisco,PE,2/10/2022 15:47,-13.7,-76.22,66,77,0,9.17
81,Bengkulu,ID,2/10/2022 15:47,-3.8,102.27,76.75,87,100,4.61
82,Xichang,CN,2/10/2022 15:47,27.9,102.26,59.92,77,2,2.53
83,Khatanga,RU,2/10/2022 15:47,71.97,102.5,1.15,86,0,12.86
84,Ancud,CL,2/10/2022 15:47,-41.87,-73.82,53.6,62,0,12.75
85,Bogovarovo,RU,2/10/2022 15:47,58.98,47.02,36.1,86,41,7.92
86,Verkhnevilyuysk,RU,2/10/2022 15:47,63.45,120.32,-4.52,91,9,3.51
87,Butaritari,KI,2/10/2022 15:47,3.07,172.79,81.37,77,58,11.48
88,Lorengau,PG,2/10/2022 15:47,-2.02,147.27,81,80,100,7.65
89,Chokurdakh,RU,2/10/2022 15:47,70.63,147.92,-4.95,90,63,6.89
90,Bredasdorp,ZA,2/10/2022 15:47,-34.53,20.04,62.6,45,97,23.04
91,Klaksvik,FO,2/10/2022 15:47,62.23,-6.59,48.2,93,24,9.17
92,Flin Flon,CA,2/10/2022 15:47,54.77,-101.86,26.6,79,75,14.99
93,Hobart,AU,2/10/2022 15:45,-42.88,147.33,53.6,81,90,3.36
94,Mount Gambier,AU,2/10/2022 15:47,-37.83,140.77,51.8,93,75,5.82
95,Grindavik,IS,2/10/2022 15:47,63.84,-22.43,44.6,87,90,23.04
96,Ereymentau,KZ,2/10/2022 15:47,51.62,73.1,32.11,94,98,21.54
97,Severo-Kurilsk,RU,2/10/2022 15:47,50.68,156.12,42.03,80,85,7.38
98,Buzmeyin,TM,2/10/2022 15:47,38.05,58.21,53.6,25,37,11.41
99,Portree,GB,2/10/2022 15:47,57.41,-6.19,52,92,100,15.01
100,Merrill,US,2/10/2022 15:47,45.18,-89.68,33.8,85,90,10.29
101,Yar-Sale,RU,2/10/2022 15:47,66.83,70.83,12.24,96,100,8.37
102,Chuy,UY,2/10/2022 15:47,-33.7,-53.46,64.83,55,11,13.27
103,Beloha,MG,2/10/2022 15:47,-25.17,45.05,71.22,69,3,20.33
104,Mahebourg,MU,2/10/2022 15:47,-20.41,57.7,71.01,70,42,7
105,Coquimbo,CL,2/10/2022 15:47,-29.95,-71.34,59,72,40,16.11
106,Grand Gaube,MU,2/10/2022 15:47,-20.01,57.66,71.01,70,18,7
107,Amalapuram,IN,2/10/2022 15:47,16.58,82.02,76.1,67,49,2.28
108,Bilma,NE,2/10/2022 15:47,18.69,12.92,85.82,13,0,5.12
109,Fukue,JP,2/10/2022 15:47,32.69,128.84,66.52,63,47,15.41
110,Abu Samrah,SY,2/10/2022 15:47,35.3,37.18,72.63,50,21,6.78
111,Lompoc,US,2/10/2022 15:47,34.64,-120.46,44.6,65,1,5.82
112,Kuybysheve,UA,2/10/2022 15:47,47.36,36.65,54.36,73,100,5.93
113,Airai,TL,2/10/2022 15:47,-8.93,125.41,61.57,100,14,0.89
114,Yellowknife,CA,2/10/2022 15:47,62.46,-114.35,17.6,85,90,6.93
115,Dingle,PH,2/10/2022 15:47,11,122.67,76.46,88,89,5.44
116,Vanimo,PG,2/10/2022 15:47,-2.67,141.3,78.89,85,100,6.29
117,Talnakh,RU,2/10/2022 15:47,69.49,88.4,5.45,82,79,5.73
118,Ilulissat,GL,2/10/2022 15:47,69.22,-51.1,21.2,67,75,3.36
119,Atuona,PF,2/10/2022 15:47,-9.8,-139.03,77.32,70,8,17.98
120,Vondrozo,MG,2/10/2022 15:47,-22.82,47.28,61.36,100,100,7.23
121,Kaeo,NZ,2/10/2022 15:47,-35.1,173.78,59,95,98,5.99
122,Beringovskiy,RU,2/10/2022 15:47,63.05,179.32,24.37,87,0,8.84
123,Nortelandia,BR,2/10/2022 15:47,-14.45,-56.8,82.2,77,100,5.46
124,Yulara,AU,2/10/2022 15:47,-25.24,130.99,73.4,25,0,12.75
125,Oktyabrskiy,RU,2/10/2022 15:47,54.48,53.47,33.22,90,37,6.08
126,Kaabong,UG,2/10/2022 15:47,3.48,34.15,71.01,60,79,16.33
127,Kolda,SN,2/10/2022 15:47,12.88,-14.95,97.97,19,6,5.82
128,Carman,CA,2/10/2022 15:43,49.5,-98,26.6,79,0,9.17
129,Kodiak,US,2/10/2022 15:47,57.79,-152.41,30.2,68,1,4.7
130,Katsuura,JP,2/10/2022 15:47,35.13,140.3,60.8,55,75,17.22
131,Tuatapere,NZ,2/10/2022 15:47,-46.13,167.68,52,92,72,4
132,Providencia,MX,2/10/2022 15:47,28.72,-111.58,69.01,23,100,10
133,Iida,JP,2/10/2022 15:47,35.52,137.82,46,95,89,3.22
134,Gat,IL,2/10/2022 15:42,31.61,34.76,77,100,23,10.49
135,Castro,BR,2/10/2022 15:47,-24.79,-50.01,83.05,32,100,5.1
136,Roebourne,AU,2/10/2022 15:47,-20.78,117.13,72.5,81,9,12.88
137,Ponta Do Sol,PT,2/10/2022 15:47,32.67,-17.1,73.4,60,40,9.17
138,Broken Hill,AU,2/10/2022 15:47,-31.95,141.43,55.4,66,90,16.11
139,Salalah,OM,2/10/2022 15:47,17.02,54.09,82.4,65,0,2.24
140,Scarborough,GB,2/10/2022 15:47,54.28,-0.4,54,94,100,7
141,Stege,DK,2/10/2022 15:47,54.99,12.28,51.01,81,39,5.01
142,Ponta Delgada,PT,2/10/2022 15:47,37.73,-25.67,69.8,88,75,17.22
143,Paamiut,GL,2/10/2022 15:43,61.99,-49.67,28.11,86,100,9.44
144,Outjo,NA,2/10/2022 15:47,-20.12,16.15,87.08,25,73,11.54
145,Lengshuijiang,CN,2/10/2022 15:47,27.69,111.43,59.32,79,71,1.34
146,Kajaani,FI,2/10/2022 15:47,64.23,27.73,46.4,81,0,11.41
147,Nome,US,2/10/2022 15:43,64.5,-165.41,24.8,85,90,3.36
148,Kozuchow,PL,2/10/2022 15:47,51.75,15.59,48,40,13,9.51
149,Vaini,TO,2/10/2022 15:47,-21.2,-175.2,69.8,77,20,6.93
150,Awjilah,LY,2/10/2022 15:47,29.11,21.29,73.09,53,28,13.94
151,Mezen,RU,2/10/2022 15:46,65.85,44.24,42.55,90,100,13.18
152,Miandoab,IR,2/10/2022 15:47,36.97,46.1,62.6,23,0,2.24
153,Santiago Del Estero,AR,2/10/2022 15:47,-27.8,-64.26,76.01,18,21,7.85
154,Victoria,HK,2/10/2022 15:45,22.29,114.16,73.99,81,94,5.99
155,Vostok,RU,2/10/2022 15:47,46.49,135.88,31.35,100,100,3.6
156,Avarua,CK,2/10/2022 15:47,-21.21,-159.78,73.4,83,100,5.82
157,Radnevo,BG,2/10/2022 15:47,42.3,25.93,64.4,68,75,4.7
158,Vrangel,RU,2/10/2022 15:47,42.73,133.08,39.79,70,0,15.37
159,Leningradskiy,RU,2/10/2022 15:47,69.38,178.42,13.12,87,0,12.5
160,Progreso,MX,2/10/2022 15:47,21.28,-89.67,89.01,79,40,3.36
161,Norman Wells,CA,2/10/2022 15:47,65.28,-126.83,10.4,92,90,2.24
162,Manono,CD,2/10/2022 15:47,-7.3,27.42,76.6,80,99,2.82
163,Kudahuvadhoo,MV,2/10/2022 15:47,2.67,72.89,82.98,77,0,10.83
164,Narsaq,GL,2/10/2022 15:47,60.92,-46.05,32,89,75,2.64
165,Kahului,US,2/10/2022 15:47,20.89,-156.47,75.2,88,90,6.62
166,San Matias,BO,2/10/2022 15:47,-16.37,-58.4,94.73,42,96,7.67
167,Avera,US,2/10/2022 15:47,33.19,-82.53,80.01,88,90,16.11
168,Deputatskiy,RU,2/10/2022 15:47,69.3,139.9,1.22,93,97,1.25
169,Nouadhibou,MR,2/10/2022 15:47,20.93,-17.03,78.8,50,0,14.99
170,Shetpe,KZ,2/10/2022 15:47,44.17,52.12,48.83,45,100,24.05
171,Vila,PT,2/10/2022 15:47,42.03,-8.16,60.01,77,0,7
172,Tortoli,IT,2/10/2022 15:47,39.93,9.66,69.8,68,75,6.93
173,Kiama,AU,2/10/2022 15:47,-34.68,150.87,55,93,15,7.54
174,Limulunga,ZM,2/10/2022 15:47,-15.1,23.14,87.49,30,70,4.63
175,Saskylakh,RU,2/10/2022 15:47,71.92,114.08,-1.53,84,0,2.64
176,Llandrindod Wells,GB,2/10/2022 15:47,52.24,-3.38,57,91,100,13
177,Puerto Leguizamo,CO,2/10/2022 15:47,-0.19,-74.78,91.22,51,94,5.95
178,Mingaora,PK,2/10/2022 15:43,34.78,72.36,57.65,35,0,5.19
179,Provideniya,RU,2/10/2022 15:47,64.38,-173.3,23.05,89,0,6.78
180,Santa Fe,AR,2/10/2022 15:45,-31.63,-60.7,71.01,27,44,5.99
181,Hualmay,PE,2/10/2022 15:47,-11.1,-77.61,68.43,67,63,10.58
182,Hilo,US,2/10/2022 15:44,19.73,-155.09,73,73,1,6.93
183,Charters Towers,AU,2/10/2022 15:47,-20.1,146.27,68.52,32,0,1.68
184,Vila Velha,BR,2/10/2022 15:47,-20.33,-40.29,89.6,62,20,16.11
185,Meulaboh,ID,2/10/2022 15:47,4.14,96.13,78.03,84,100,2.66
186,Oriximina,BR,2/10/2022 15:47,-1.77,-55.87,98.92,35,76,6.33
187,Saint-Pierre,RE,2/10/2022 15:47,-21.34,55.48,71.6,68,75,16.11
188,Waingapu,ID,2/10/2022 15:47,-9.66,120.26,80.82,80,94,6.2
189,Lagoa,PT,2/10/2022 15:47,39.05,-27.98,68.2,92,100,15.35
190,Leshukonskoye,RU,2/10/2022 15:47,64.9,45.76,41.58,92,100,8.81
191,Nanortalik,GL,2/10/2022 15:47,60.14,-45.24,32.72,92,100,7.58
192,Anadyr,RU,2/10/2022 15:44,64.75,177.48,6.8,84,0,8.95
193,Ulaangom,MN,2/10/2022 15:47,49.98,92.07,31.93,88,99,8.03
194,Walvis Bay,NA,2/10/2022 15:47,-22.96,14.51,64,79,46,10
195,Umm Lajj,SA,2/10/2022 15:47,25.02,37.27,82.49,53,0,4.21
196,Carnarvon,AU,2/10/2022 15:47,-24.87,113.63,69.8,100,75,8.05
197,Pemangkat,ID,2/10/2022 15:47,1.17,108.97,80.17,83,99,6.4
198,Martinsville,US,2/10/2022 15:46,36.69,-79.87,71.6,100,90,6.93
199,Gejiu,CN,2/10/2022 15:47,23.31,103.16,52.07,100,94,3.65
200,Astoria,US,2/10/2022 15:47,46.19,-123.83,52,93,90,3.91
201,Whitehorse,CA,2/10/2022 15:45,60.72,-135.05,24.8,92,90,4.7
202,Oschersleben,DE,2/10/2022 15:47,52.03,11.25,53.01,70,69,3
203,Otradnoye,RU,2/10/2022 15:47,59.78,30.82,51.01,93,20,2.24
204,Iqaluit,CA,2/10/2022 15:47,63.75,-68.51,15.8,66,75,8.05
205,Pangnirtung,CA,2/10/2022 15:46,66.15,-65.71,12.2,66,75,2.24
206,Coihaique,CL,2/10/2022 15:47,-45.58,-72.07,53.6,54,20,6.93
207,Lazaro Cardenas,MX,2/10/2022 15:47,17.96,-102.2,83.73,70,6,1.19
208,Sibolga,ID,2/10/2022 15:47,1.74,98.78,77.94,82,100,2.89
209,Iracoubo,GF,2/10/2022 15:47,5.48,-53.2,87.13,68,95,13.91
210,Sokolo,ML,2/10/2022 15:47,14.73,-6.12,99.27,8,27,14.16
211,Logrono,ES,2/10/2022 15:47,42.47,-2.45,66.2,48,0,1.12
212,Harper,LR,2/10/2022 15:47,4.38,-7.72,80.73,81,52,7.2
213,Semnan,IR,2/10/2022 15:47,35.57,53.4,57.51,36,0,2.01
214,Camargo,MX,2/10/2022 15:47,27.67,-105.17,55.63,36,0,7.05
215,Tura,IN,2/10/2022 15:47,25.52,90.22,71.62,89,0,4.29
216,Indiaroba,BR,2/10/2022 15:47,-11.52,-37.51,86.23,52,71,10.36
217,Zabol,AF,2/10/2022 15:47,32.25,67.25,46.08,42,0,6.4
218,Belyy Yar,RU,2/10/2022 15:47,53.6,91.39,26.6,49,0,11.18
219,Saint-Georges,GD,2/10/2022 15:47,12.06,-61.75,82.4,88,40,20.8
220,Lujan,AR,2/10/2022 15:47,-34.57,-59.1,62.01,55,6,5.99
221,New Norfolk,AU,2/10/2022 15:47,-42.78,147.06,53.6,81,90,3.36
222,Faanui,PF,2/10/2022 15:47,-16.48,-151.75,80.01,75,30,5.7
223,Sovetskiy,RU,2/10/2022 15:47,61.36,63.58,36.3,88,41,10.83
224,Tiksi,RU,2/10/2022 15:47,71.69,128.87,3.27,93,99,9.31
225,Kambam,ID,2/10/2022 15:47,5.25,96.86,80.64,77,79,4.41
226,Shache,CN,2/10/2022 15:47,38.42,77.24,47.41,37,94,15.88
227,Methoni,GR,2/10/2022 15:47,36.82,21.7,71.01,56,40,6.93
228,Kavieng,PG,2/10/2022 15:47,-2.57,150.8,81.81,78,86,8.75
229,Faxinal,BR,2/10/2022 15:47,-24,-51.32,60.26,97,100,1.59
230,Buala,SB,2/10/2022 15:47,-8.14,159.59,79.14,85,100,9.57
231,Chumikan,RU,2/10/2022 15:47,54.72,135.31,31.53,94,0,11.3
232,Arequipa,PE,2/10/2022 15:47,-16.4,-71.53,66.2,25,0,6.93
233,Puro,PH,2/10/2022 15:47,12.48,123.38,81.16,82,64,8.97
234,Pandan Niog,PH,2/10/2022 15:47,6.23,120.56,83.53,75,0,8.5
235,Luwuk,ID,2/10/2022 15:47,-0.95,122.79,78.85,73,86,2.1
236,El Alto,PE,2/10/2022 15:47,-4.27,-81.21,75.2,64,0,23.04
237,Tasiilaq,GL,2/10/2022 15:47,65.61,-37.64,32,91,75,6.93
238,Soyo,AO,2/10/2022 15:47,-6.13,12.37,78.76,81,100,10.71
239,Souillac,MU,2/10/2022 15:47,-20.52,57.52,71.01,70,47,7
240,Ariyalur,IN,2/10/2022 15:47,11.13,79.08,75.7,69,0,13.06
241,Bandarbeyla,SO,2/10/2022 15:47,9.49,50.81,79.65,77,39,13.71
242,Port Elizabeth,ZA,2/10/2022 15:47,-33.92,25.57,64.4,72,75,18.34
243,Hay River,CA,2/10/2022 15:47,60.82,-115.8,21.2,79,28,6.93
244,Kalmunai,LK,2/10/2022 15:47,7.42,81.82,80.47,79,79,0.07
245,Taybad,IR,2/10/2022 15:47,34.74,60.78,43.23,40,22,9.31
246,Zyryanovsk,KZ,2/10/2022 15:47,49.74,84.27,27.95,95,100,1.95
247,Shenjiamen,CN,2/10/2022 15:47,29.96,122.3,63,71,0,13.29
248,Thompson,CA,2/10/2022 15:45,55.74,-97.86,17.6,85,75,4.7
249,Dubai,AE,2/10/2022 15:43,25.26,55.3,86,51,0,6.93
250,Nikolskoye,RU,2/10/2022 15:47,59.7,30.79,51.01,93,20,2.24
251,Novokuznetsk,RU,2/10/2022 15:47,53.76,87.11,27.54,93,100,12.15
252,Pochutla,MX,2/10/2022 15:47,15.74,-96.47,86,74,40,3.38
253,Carlsbad,US,2/10/2022 15:45,33.16,-117.35,68,87,1,2.39
254,Gazli,UZ,2/10/2022 15:47,40.13,63.45,45.14,52,0,16.89
255,Dudinka,RU,2/10/2022 15:47,69.41,86.18,3.87,90,49,7.16
256,Homer,US,2/10/2022 15:47,59.64,-151.55,32,68,1,6.93
257,Rio Grande,BR,2/10/2022 15:47,-32.03,-52.1,66.99,65,91,7
258,Aksu,CN,2/10/2022 15:47,41.12,80.26,47.21,52,100,4.59
259,Boende,CD,2/10/2022 15:47,-0.22,20.87,71.74,89,100,2.3
260,Muisne,EC,2/10/2022 15:47,0.6,-80.03,78.8,83,90,2.24
261,Tazmalt,DZ,2/10/2022 15:47,36.39,4.4,68,68,0,5.82
262,Koslan,RU,2/10/2022 15:47,63.46,48.9,40.59,94,100,8.61
263,Nioro,GM,2/10/2022 15:47,13.35,-15.75,97.38,20,94,3.87
264,Lavrentiya,RU,2/10/2022 15:47,65.58,-171,22.48,89,0,8.32
265,Taiobeiras,BR,2/10/2022 15:47,-15.81,-42.23,83.86,57,85,7.7
266,Pavlivka,UA,2/10/2022 15:47,49.44,28.46,51.8,87,75,4.03
267,Bodden Town,KY,2/10/2022 15:47,19.28,-81.25,89.01,70,40,5.82
268,Selfoss,IS,2/10/2022 15:47,63.93,-21,43,87,92,10
269,Athens,GR,2/10/2022 15:47,37.98,23.72,69.8,60,40,5.82
270,Lerwick,GB,2/10/2022 15:47,60.15,-1.15,50,87,20,9.17
271,Aklavik,CA,2/10/2022 15:47,68.22,-135.01,10.4,85,75,2.28
272,Catabola,AO,2/10/2022 15:47,-12.15,17.28,77.54,54,57,2.44
273,Strezhevoy,RU,2/10/2022 15:47,60.73,77.59,19.4,85,90,8.95
274,Farafangana,MG,2/10/2022 15:47,-22.82,47.83,72.12,80,80,14.07
275,San Cristobal,VE,2/10/2022 15:47,7.77,-72.22,84.2,66,40,10.29
276,Tromso,NO,2/10/2022 15:47,69.65,18.96,33.8,86,90,3.36
277,Orsha,BY,2/10/2022 15:47,54.52,30.41,46.4,87,90,8.95
278,Kuala Terengganu,MY,2/10/2022 15:44,5.33,103.14,80.13,83,100,3.18
279,Osakarovka,KZ,2/10/2022 15:47,50.56,72.57,30.88,94,84,16.33
280,Aksarka,RU,2/10/2022 15:47,66.56,67.8,13.68,96,100,3.06
281,Maceio,BR,2/10/2022 15:47,-9.67,-35.74,86,58,40,12.75
282,Westport,US,2/10/2022 15:47,41.14,-73.36,48.2,93,90,8.05
283,Sakakah,SA,2/10/2022 15:47,29.97,40.21,86,9,0,11.34
284,Antsohihy,MG,2/10/2022 15:47,-14.88,47.99,81.1,60,100,2.06
285,Ahipara,NZ,2/10/2022 15:47,-35.17,173.17,59.25,89,99,6.96
286,Tanete,ID,2/10/2022 15:47,-3.94,119.78,76.14,90,95,2.66
287,Lakes Entrance,AU,2/10/2022 15:47,-37.88,147.98,59,95,72,1.72
288,Jalaun,IN,2/10/2022 15:47,26.15,79.34,74.53,27,0,4.99
289,Renqiu,CN,2/10/2022 15:47,38.7,116.09,48.92,48,0,3.98
290,Constitucion,CL,2/10/2022 15:46,-35.33,-72.42,61.48,49,0,12.68
291,Banda Aceh,ID,2/10/2022 15:44,5.56,95.32,81.25,73,100,9.84
292,Conakry,GN,2/10/2022 15:47,9.54,-13.68,91.4,63,40,6.93
293,Flinders,AU,2/10/2022 15:47,-34.58,150.86,55,88,9,1.01
294,Gimli,CA,2/10/2022 15:47,50.63,-96.99,24.8,67,0,6.93
295,Baruun-Urt,MN,2/10/2022 15:47,46.68,113.28,39,56,8,14.41
296,Vestmannaeyjar,IS,2/10/2022 15:47,63.44,-20.27,44.6,93,40,19.46
297,Bethel,US,2/10/2022 15:47,41.37,-73.41,46.4,93,90,5.82
298,Ajdabiya,LY,2/10/2022 15:47,30.76,20.23,71.29,59,0,11.01
299,Chiang Rai,TH,2/10/2022 15:47,19.92,99.92,73.4,100,20,4.05
300,Payo,ID,2/10/2022 15:47,-3.75,103.64,74.97,93,68,2.77
301,Uruzgan,AF,2/10/2022 15:47,32.83,66,37.49,71,0,0.85
302,Ust-Ilimsk,RU,2/10/2022 15:47,58,102.66,25.11,92,47,8.08
303,Smithers,CA,2/10/2022 15:45,54.78,-127.17,30.2,92,90,1.79
304,Kalabo,ZM,2/10/2022 15:47,-14.97,22.68,85.84,33,64,4.09
305,Morondava,MG,2/10/2022 15:47,-20.28,44.28,80.6,78,22,12.21
306,Matara,LK,2/10/2022 15:47,5.95,80.54,78.58,84,28,6.51
307,Chizhou,CN,2/10/2022 15:47,30.66,117.48,58.95,77,26,6.71
308,Necochea,AR,2/10/2022 15:47,-38.55,-58.74,59,55,1,8.01
309,Tigzirt,DZ,2/10/2022 15:47,36.89,4.12,67.96,64,0,7.36
310,Nivala,FI,2/10/2022 15:47,63.92,24.97,45,93,100,5.99
311,Dodge City,US,2/10/2022 15:45,37.75,-100.02,39.2,80,1,14.99
312,Pacific Grove,US,2/10/2022 15:47,36.62,-121.92,48.2,45,1,4.7
313,Kruisfontein,ZA,2/10/2022 15:47,-34,24.73,61,82,100,5.99
314,Kenai,US,2/10/2022 15:47,60.55,-151.26,19.4,85,90,3.36
315,Katangli,RU,2/10/2022 15:47,51.71,143.23,35.1,90,50,7.63
316,Nhulunbuy,AU,2/10/2022 15:47,-12.23,136.77,75.2,83,81,4.76
317,Nata,PA,2/10/2022 15:47,8.33,-80.52,84.2,74,40,4.7
318,Niono,ML,2/10/2022 15:47,14.25,-5.99,99.05,8,26,10.71
319,Luderitz,NA,2/10/2022 15:47,-26.65,15.16,65.97,60,49,31.25
320,Guerrero Negro,MX,2/10/2022 15:47,27.98,-114.06,70.07,33,60,3.89
321,Belaya Gora,RU,2/10/2022 15:47,68.53,146.42,5.83,95,100,4
322,Fort Nelson,CA,2/10/2022 15:45,58.81,-122.7,23,92,75,3.36
323,Codrington,AU,2/10/2022 15:47,-38.27,141.97,49.64,89,37,4.07
324,Sokoto,NG,2/10/2022 15:47,13.06,5.24,95.2,15,0,7.7
325,Kincardine,GB,2/10/2022 15:45,56.07,-3.72,50,93,90,6.93
326,Cam Ranh,VN,2/10/2022 15:47,11.92,109.16,80.6,88,40,1.12
327,Conde,BR,2/10/2022 15:47,-7.26,-34.91,87.8,58,75,13.87
328,Alugan,PH,2/10/2022 15:47,12.22,125.48,80.6,84,100,11.77
329,Port Lincoln,AU,2/10/2022 15:47,-34.73,135.87,55.89,80,84,22.06
330,Capul,PH,2/10/2022 15:47,12.42,124.18,82.04,82,98,13.91
331,Fairbanks,US,2/10/2022 15:45,64.84,-147.72,17.6,92,90,8.05
332,Trincomalee,LK,2/10/2022 15:47,8.57,81.23,81.66,78,98,13
333,Lapua,FI,2/10/2022 15:47,62.97,23.01,46.99,82,97,4
334,Humberto De Campos,BR,2/10/2022 15:47,-2.6,-43.46,92.3,49,71,11.16
335,Bethanien,NA,2/10/2022 15:47,-26.5,17.16,80.42,19,90,16.31
336,Caudebec-Les-Elbeuf,FR,2/10/2022 15:47,49.28,1.02,59,87,90,12.75
337,Gamba,GA,2/10/2022 15:44,-2.65,10,79.7,81,8,8.3
338,Carutapera,BR,2/10/2022 15:47,-1.2,-46.02,89.51,55,15,11.59
339,Hamilton,US,2/10/2022 15:43,39.18,-84.53,48.99,95,100,1.99
340,Ust-Tsilma,RU,2/10/2022 15:47,65.44,52.15,38.32,93,100,9.35
341,Solnechnyy,RU,2/10/2022 15:47,50.72,136.63,29.84,94,21,4.52
342,Bressanone,IT,2/10/2022 15:47,46.72,11.66,59,62,20,3.36
343,Westerland,DE,2/10/2022 15:47,54.91,8.3,51.8,81,75,18.34
344,Marsa Matruh,EG,2/10/2022 15:47,31.35,27.25,73.4,53,0,10.29
345,Aguimes,ES,2/10/2022 15:47,27.91,-15.45,77,53,20,24.16
346,Drovyanaya,RU,2/10/2022 15:47,51.58,113.03,19.4,92,94,4.47
347,Ostersund,SE,2/10/2022 15:47,63.18,14.64,44.6,75,0,6.93
348,Dhidhdhoo,MV,2/10/2022 15:47,6.88,73.1,83.61,69,92,7.96
349,Kangaatsiaq,GL,2/10/2022 15:47,68.31,-53.46,25.21,94,98,9.6
350,Kiruna,SE,2/10/2022 15:47,67.86,20.23,21.2,100,0,4.7
351,Morgan City,US,2/10/2022 15:47,29.7,-91.21,62.01,62,1,8.05
352,Kuruman,ZA,2/10/2022 15:47,-27.45,23.43,75,41,100,21.39
353,Ternate,ID,2/10/2022 15:47,0.8,127.4,81.54,79,92,3.38
354,Haukipudas,FI,2/10/2022 15:47,65.18,25.35,48.2,76,90,10.29
355,Clyde River,CA,2/10/2022 15:47,70.47,-68.59,21.2,92,90,20.8
356,Shimoda,JP,2/10/2022 15:47,34.67,138.95,53.01,73,62,13.53
357,Watertown,US,2/10/2022 15:47,42.37,-71.18,48.99,87,90,3.36
358,Parczew,PL,2/10/2022 15:47,51.64,22.9,51.8,100,0,3.36
359,Puerto Escondido,MX,2/10/2022 15:47,15.85,-97.07,82.4,78,20,5.82
360,Neuquen,AR,2/10/2022 15:47,-38.95,-68.06,68,22,0,8.05
361,Minsk,BY,2/10/2022 15:47,53.9,27.57,50,93,90,6.71
362,Concepcion Del Uruguay,AR,2/10/2022 15:47,-32.48,-58.24,71.01,48,0,4
363,Cogealac,RO,2/10/2022 15:47,44.55,28.57,60.8,82,75,4.7
364,Umm Kaddadah,SD,2/10/2022 15:47,13.6,26.69,92.82,16,0,11.95
365,Talcahuano,CL,2/10/2022 15:47,-36.72,-73.12,64.4,42,0,11.41
366,Jalu,LY,2/10/2022 15:47,29.03,21.55,74.44,50,12,15.84
367,Woodward,US,2/10/2022 15:47,36.43,-99.39,41,75,1,18.34
368,Auki,SB,2/10/2022 15:47,-8.77,160.7,77.25,86,100,5.57
369,Ballina,AU,2/10/2022 15:47,-28.87,153.57,59,93,7,5.82
370,Tzucacab,MX,2/10/2022 15:47,20.07,-89.05,86.27,67,62,2.84
371,Atambua,ID,2/10/2022 15:47,-9.11,124.89,76.15,82,9,2.46
372,Dicabisagan,PH,2/10/2022 15:47,17.08,122.42,78.31,86,56,7.52
373,Makakilo City,US,2/10/2022 15:47,21.35,-158.09,73.4,88,40,3.38
374,Quelimane,MZ,2/10/2022 15:47,-17.88,36.89,82.4,65,0,13.87
375,Mpika,ZM,2/10/2022 15:47,-11.83,31.45,76.14,38,69,7.34
376,Charleston,US,2/10/2022 15:45,32.78,-79.93,81,83,90,17.22
377,Rebrikha,RU,2/10/2022 15:47,53.07,82.34,29.48,98,100,18.16
378,Nantucket,US,2/10/2022 15:44,41.28,-70.1,51.8,81,90,4.7
379,Aykhal,RU,2/10/2022 15:47,66,111.5,-7.6,89,12,3.33
380,Sambava,MG,2/10/2022 15:47,-14.27,50.17,75.49,79,0,12.15
381,Marawi,PH,2/10/2022 15:47,8,124.29,75.99,92,47,5.01
382,Fortuna,US,2/10/2022 15:47,40.6,-124.16,44.6,75,1,9.17
383,Buraydah,SA,2/10/2022 15:47,26.33,43.98,80.6,18,0,5.82
384,Sembe,CG,2/10/2022 15:47,1.65,14.58,70.41,95,100,4.16
385,Petropavlovsk-Kamchatskiy,RU,2/10/2022 15:47,53.05,158.65,37.4,100,75,4.47
386,La Ronge,CA,2/10/2022 15:47,55.1,-105.28,24.8,92,100,3.36
387,Vao,NC,2/10/2022 15:47,-22.67,167.48,73.09,83,1,15.26
388,Kismayo,SO,2/10/2022 15:47,-0.36,42.55,80.01,79,16,12.08
389,Mecca,SA,2/10/2022 15:47,21.43,39.83,79.9,60,0,4.09
390,Khandyga,RU,2/10/2022 15:47,62.67,135.6,4.77,95,100,3.38
391,Okuchi,JP,2/10/2022 15:47,32.07,130.62,54.21,79,52,2.53
392,Lagoa Formosa,BR,2/10/2022 15:47,-18.78,-46.41,86.16,49,100,7.45
393,Padang,ID,2/10/2022 15:47,-0.95,100.35,78.84,75,100,3.47
394,Ambilobe,MG,2/10/2022 15:47,-13.2,49.05,78.08,62,6,3.8
395,Nara,JP,2/10/2022 15:47,34.69,135.8,57.99,50,100,5.75
396,Bat Khela,PK,2/10/2022 15:44,34.62,71.97,64.02,29,0,5.08
397,Jiaozuo,CN,2/10/2022 15:47,35.24,113.23,58.55,56,0,5.23
398,Campos Gerais,BR,2/10/2022 15:47,-21.23,-45.76,90.84,34,81,2.68
399,Poya,NC,2/10/2022 15:47,-21.35,165.15,71.08,78,18,6.26
400,Nokaneng,BW,2/10/2022 15:47,-19.67,22.27,91.92,23,69,3.13
401,Veldhoven,NL,2/10/2022 15:47,51.42,5.4,53.01,100,75,10.29
402,Prince Rupert,CA,2/10/2022 15:45,54.32,-130.32,42.8,93,90,3.36
403,Shieli,KZ,2/10/2022 15:47,44.17,66.75,39.29,64,6,9.15
404,Salinopolis,BR,2/10/2022 15:47,-0.61,-47.36,86.41,64,43,14.25
405,Joutseno,FI,2/10/2022 15:47,61.12,28.51,46,95,98,9.75
406,Port-Cartier,CA,2/10/2022 15:47,50.03,-66.87,35.01,74,40,11.41
407,Upernavik,GL,2/10/2022 15:47,72.79,-56.15,19.15,85,97,5.99
408,Punaauia,PF,2/10/2022 15:47,-17.63,-149.6,77,83,75,5.82
409,Hohhot,CN,2/10/2022 15:47,40.81,111.65,33.8,37,0,6.71
410,Balabac,PH,2/10/2022 15:47,7.99,117.06,81.82,76,71,4.27
411,Morro Bay,US,2/10/2022 15:47,35.37,-120.85,44.6,70,1,3.36
412,Hede,CN,2/10/2022 15:47,33.77,120.25,59.07,62,95,3.49
413,Ulladulla,AU,2/10/2022 15:47,-35.35,150.47,55,100,50,5.82
414,Asau,RO,2/10/2022 15:47,46.43,26.4,53.01,81,55,3.29
415,Watrous,CA,2/10/2022 15:47,51.67,-105.47,26.6,100,100,5.82
416,Berlevag,NO,2/10/2022 15:47,70.86,29.09,37.4,81,75,24.16
417,Celestun,MX,2/10/2022 15:47,20.87,-90.4,82.36,71,62,0.78
418,Svetlaya,RU,2/10/2022 15:47,46.54,138.33,44.1,89,100,23.8
419,Mungaa,TZ,2/10/2022 15:47,-4.97,34.88,74.59,37,97,10.67
420,Trnava,SK,2/10/2022 15:47,48.38,17.59,53.6,87,90,5.82
421,Kingston,JM,2/10/2022 15:47,18,-76.79,87.8,66,20,8.05
422,Santa Rosa,PH,2/10/2022 15:47,14.31,121.11,81,88,40,2.24
423,Mahajanga,MG,2/10/2022 15:47,-15.72,46.32,84.2,66,40,6.93
424,Sangar,RU,2/10/2022 15:47,63.92,127.47,-12.55,90,72,2.84
425,Lloydminster,CA,2/10/2022 15:45,53.28,-110,28.4,92,75,10.29
426,Grand Island,US,2/10/2022 15:47,40.92,-98.34,36,74,1,8.05
427,Florianopolis,BR,2/10/2022 15:47,-27.61,-48.5,81,69,20,9.17
428,Mayo,US,2/10/2022 15:46,38.89,-76.51,64.99,100,90,8.05
429,Harrislee,DE,2/10/2022 15:48,54.8,9.38,53.6,71,18,20.8
430,Melhus,NO,2/10/2022 15:48,63.29,10.28,44.01,91,86,5.91
431,Itaporanga,BR,2/10/2022 15:48,-7.3,-38.15,100.13,15,24,4.54
432,Broome,US,2/10/2022 15:48,42.25,-75.83,44.01,93,90,9.17
433,Natal,BR,2/10/2022 15:46,-5.79,-35.21,84.2,70,75,16.11
434,Jinchang,CN,2/10/2022 15:48,38.5,102.17,44.69,57,0,3.6
435,Bukama,CD,2/10/2022 15:48,-9.2,25.85,84.61,51,94,3.71
436,Morant Bay,JM,2/10/2022 15:48,17.88,-76.41,87.8,66,20,8.05
437,Empangeni,ZA,2/10/2022 15:48,-28.76,31.89,79.23,54,0,3.89
438,Ayan,RU,2/10/2022 15:48,56.45,138.17,29.53,97,100,14.03
439,Karratha,AU,2/10/2022 15:46,-20.74,116.85,71.8,86,6,10.89
440,Te Anau,NZ,2/10/2022 15:48,-45.42,167.72,51.48,91,95,0.54
441,Neiafu,TO,2/10/2022 15:48,-18.65,-173.98,71.6,78,40,5.82
442,Cayenne,GF,2/10/2022 15:48,4.93,-52.33,91.4,63,98,11.41
443,George,ZA,2/10/2022 15:48,-33.96,22.46,55.4,87,90,11.41
444,Mega,ET,2/10/2022 15:48,4.05,38.3,61.75,92,34,14.07
445,Oxelosund,SE,2/10/2022 15:48,58.67,17.1,46.4,93,20,3.36
446,Palauig,PH,2/10/2022 15:48,15.44,119.9,80.87,77,32,3.94
447,Ola,RU,2/10/2022 15:45,59.58,151.28,28.92,91,80,4.74
448,Banjar,ID,2/10/2022 15:48,-8.19,114.97,78.8,79,99,2.59
449,Noumea,NC,2/10/2022 15:48,-22.28,166.46,75.2,60,0,5.82
450,Saint-Augustin,CA,2/10/2022 15:48,51.23,-58.65,33.76,92,98,6.78
451,Singaraja,ID,2/10/2022 15:44,-8.11,115.09,80.96,75,99,3.09
452,Gladstone,AU,2/10/2022 15:48,-23.85,151.25,68,88,0,5.82
453,Itaituba,BR,2/10/2022 15:48,-4.28,-55.98,93.2,59,20,4.74
454,Lenger,KZ,2/10/2022 15:48,42.18,69.88,42.8,41,0,2.24
455,Kars,TR,2/10/2022 15:48,40.6,43.09,55.4,37,0,4.7
456,Havre-Saint-Pierre,CA,2/10/2022 15:48,50.23,-63.6,33.8,86,40,9.17
457,Tyup,KG,2/10/2022 15:48,42.73,78.36,31.17,86,33,4.12
458,Bida,NG,2/10/2022 15:48,9.08,6.02,93.38,38,56,0.47
459,Grand Forks,US,2/10/2022 15:48,47.94,-97.43,24.8,73,90,8.05
460,Kirakira,SB,2/10/2022 15:48,-10.45,161.92,79.21,82,100,8.55
461,Praia,CV,2/10/2022 15:48,14.92,-23.51,89.6,55,0,17.22
462,College,US,2/10/2022 15:48,64.86,-147.8,17.6,85,90,1.1
463,Forbes,AU,2/10/2022 15:48,-33.38,148.02,60.01,63,56,6.33
464,Mananjary,MG,2/10/2022 15:48,-21.22,48.33,71.98,88,71,11.74
465,Baykit,RU,2/10/2022 15:45,61.67,96.37,12.74,93,87,0.85
466,Griffith,US,2/10/2022 15:48,41.53,-87.42,50,76,75,18.34
467,Colares,PT,2/10/2022 15:48,38.8,-9.45,69.8,59,0,9.17
468,Saldanha,ZA,2/10/2022 15:48,-33.01,17.94,62.6,51,1,13.87
469,Vidim,RU,2/10/2022 15:48,56.41,103.11,28.8,95,99,6.15
470,Xuddur,SO,2/10/2022 15:48,4.12,43.89,76.86,78,86,6.58
471,Bloomfield,US,2/10/2022 15:48,40.81,-74.19,50,87,90,9.17
472,Beroroha,MG,2/10/2022 15:48,-21.67,45.17,84.79,40,1,17.49
473,Kharsia,IN,2/10/2022 15:48,21.97,83.12,71.31,50,0,3.04
474,Osypenko,UA,2/10/2022 15:48,46.91,36.83,57,100,99,11.99
475,Fare,PF,2/10/2022 15:48,-16.7,-151.02,80.42,74,34,6.44
476,Gazojak,TM,2/10/2022 15:48,41.19,61.4,44.35,54,0,14.12
477,Seydi,TM,2/10/2022 15:48,39.48,62.91,45.37,52,0,12.82
478,Belomorsk,RU,2/10/2022 15:48,64.52,34.77,47.08,79,51,10.67
479,Namibe,AO,2/10/2022 15:48,-15.2,12.15,72.37,75,8,11.81
480,Sinjar,IQ,2/10/2022 15:48,36.32,41.88,69.75,22,84,3.96
481,Mangit,UZ,2/10/2022 15:48,40.6,70.96,46.4,39,4,6.93
482,Wodonga,AU,2/10/2022 15:48,-36.12,146.88,60.8,77,90,4.7
483,Husavik,IS,2/10/2022 15:48,66.04,-17.34,42.8,80,90,1.12
484,Valparaiso,CL,2/10/2022 15:48,-33.04,-71.63,64.4,55,0,5.82
485,Verkhnyaya Toyma,RU,2/10/2022 15:48,62.23,45,45.01,93,100,8.37
486,Tucumcari,US,2/10/2022 15:48,35.17,-103.72,33.8,80,1,5.82
487,Benguela,AO,2/10/2022 15:48,-12.58,13.41,79.66,72,58,11.74
488,Odweyne,SO,2/10/2022 15:48,9.41,45.06,76.59,42,70,11.83
489,Muramvya,BI,2/10/2022 15:48,-3.27,29.61,61.3,95,87,0.54
490,Bubaque,GW,2/10/2022 15:48,11.28,-15.83,84.58,66,98,5.59
491,Kitale,KE,2/10/2022 15:48,1.02,35.01,60.62,91,100,1.99
492,Eyl,SO,2/10/2022 15:48,7.98,49.82,81.01,72,48,9.42
493,Esperance,AU,2/10/2022 15:48,-33.87,121.9,51.8,81,0,13.87
494,San Miguel De Cauri,PE,2/10/2022 15:48,-10.1,-76.58,78.8,47,20,6.93
495,Ahuimanu,US,2/10/2022 15:43,21.44,-157.84,73.4,88,40,3.71
496,Viedma,AR,2/10/2022 15:48,-40.81,-63,69.01,22,0,7
497,Marrakesh,MA,2/10/2022 15:48,31.63,-8.01,89.6,15,40,4.7
498,Oranjemund,NA,2/10/2022 15:48,-28.55,16.43,61.5,76,12,24.43
499,Premia De Mar,ES,2/10/2022 15:48,41.49,2.37,70,78,25,1.01
500,Esmeraldas,BR,2/10/2022 15:48,-19.76,-44.31,84.2,48,20,8.05
501,Mildura,AU,2/10/2022 15:48,-34.2,142.15,55.4,100,75,4.7
502,Saint Anthony,US,2/10/2022 15:48,45.02,-93.22,33.8,64,90,9.17
503,Werda,BW,2/10/2022 15:48,-25.27,23.28,88.41,17,70,16.17
504,Hasaki,JP,2/10/2022 15:43,35.73,140.83,55.4,76,75,8.05
505,Taylor,US,2/10/2022 15:48,32.3,-99.83,46.99,65,75,20.8
506,Honiara,SB,2/10/2022 15:48,-9.43,159.95,77,94,90,5.1
507,Kiboga,UG,2/10/2022 15:48,0.92,31.77,67.48,89,97,2.06
508,Thaton,MM,2/10/2022 15:48,16.92,97.37,74.14,95,100,3.29
509,Juegang,CN,2/10/2022 15:48,32.32,121.19,62.01,1,80,1.01
510,Cockburn Town,TC,2/10/2022 15:48,21.46,-71.14,82.67,76,17,18.07
511,Hambantota,LK,2/10/2022 15:48,6.12,81.12,79.86,82,45,12.37
512,Verkhnyaya Inta,RU,2/10/2022 15:48,65.98,60.31,35.55,94,100,13.29
513,Arrecife,ES,2/10/2022 15:44,28.96,-13.55,78.8,57,20,11.41
514,Maragogi,BR,2/10/2022 15:48,-9.01,-35.22,82.69,62,41,9.98
515,Boa Vista,BR,2/10/2022 15:48,2.82,-60.67,91.4,52,75,9.17
516,Bamenda,CM,2/10/2022 15:48,5.95,10.16,69.94,83,70,2.51
517,Gobabis,NA,2/10/2022 15:48,-22.45,18.97,85.55,24,99,13.96
518,Wau,SS,2/10/2022 15:48,7.7,28,77.5,75,65,8.57
519,Kununurra,AU,2/10/2022 15:48,-15.77,128.73,80.6,83,75,1.12
520,Mogadishu,SO,2/10/2022 15:48,2.04,45.34,80.28,78,18,9.91
521,Nileshwar,IN,2/10/2022 15:48,12.25,75.1,79.05,77,36,4.52
522,Sao Felix Do Xingu,BR,2/10/2022 15:48,-6.64,-51.99,97.83,37,83,3.15
523,Anito,PH,2/10/2022 15:48,12.45,125.29,79.72,88,100,7.49
524,Kanevskaya,RU,2/10/2022 15:48,46.08,38.96,65.03,56,29,7.2
525,Sebeta,ET,2/10/2022 15:48,8.92,38.62,68,37,0,13.87
526,Monroe,US,2/10/2022 15:48,43.15,-77.68,48,87,90,3.36
527,Asansol,IN,2/10/2022 15:48,23.68,86.98,75.52,59,25,7.02
528,Bourail,NC,2/10/2022 15:48,-21.57,165.48,70.99,76,22,5.73
529,Athabasca,CA,2/10/2022 15:48,54.72,-113.29,32,94,97,4.7
530,Dajal,PK,2/10/2022 15:48,29.56,70.38,72.82,21,0,6.67
